idUtilisateur,nom,prenom,adrMail,trancheAge,description,situation,MotDePasse
1,Jean,jean,jean.jean64@gmail.com,"> 45","vieux, laid, ennuyeux",sourd,123
14,Jeanriri,Dupont,abc123@gmail.com,"> 45",NULL,NULL,$2y$10$F9U6AfvrOupAXgvNxYUt4uuvtby6RzLhyJeIZ2JHsjX
2,Dupont,joseph,dupont.jos64@gmail.com,26-45,"vieux, laid, ennuyeux",aucun,$2y$10$vNJPVB4LwPl3A3lBrnbYCe.fjvjgdVcb3QWrdXHliHs
3,Dupouille,rodric,dup.rodric40@gmail.com,18-25,"jeune, beau, drole",aucun,$2y$10$hGtXrU2I/5b62/VMhbac2eQV56MtTaKaIrk.mVFN8cC
4,Capdet,stephane,steph40@gmail.com,"< 18","jeune, beau, drole",aucun,$2y$10$rf7nIqlNg4GCr6uYGmI6TOkbAvD1AyoMvjPuDGqeo0F
5,Duvignau,yannis,yaya.dudu40@gmail.com,18-25,"jeune, beau, drole",aucun,$2y$10$ml4gKROqC9NQhM4.mYPQSOO30sbTleVKVc495odT8y/
6,Mourgue,clement,clement.mg40@gmail.com,18-25,"jeune, beau, drole",autiste,$2y$10$/nr5LlO1QvvGO/rj9gzsPOGo89wt5TnntI8wCNxd16S
7,Victoras,dylan,vivicto.dy64@gmail.com,18-25,"jeune, beau, drole",aucun,$2y$10$wD9DafoQSKwnx81z9uAIm.HvX9qmrMUd6u7H4VJ7.9R
8,Guiheuneuf,mattin,guigui64@gmail.com,18-25,"jeune, beau, drole",aucun,$2y$10$u537wHvlE92g.ECtqEiCseb5WsJ9SYBW2qzbmMFg8U8
9,Marot,lucas,lulu64@gmail.com,18-25,"jeune, beau, drole",aucun,$2y$10$DTXYpawG78PgMwPgjSfKpuRH.aqeWZG.cwe4RCY9QU5
10,Palassin,adrien,ad40@gmail.com,"< 18","jeune, beau, drole",aucun,$2y$10$oHQre/qRuL2OhHW2WRg4ieOb93cMGVc9FDT2oioArcC
11,Pierre,Suzon,suzonpierre@gmail.com,18-25,"jeune, beau, drole",aucun,$2y$10$o5pI03GrDYHiOiQ0VOsoe.3z.C.b4sCN4qe19kVuFt9
12,Irastorza,Pierre,pirastorza@gmail.com,26-45,"jeune, beau, drole",aucun,$2y$10$AL6cP8XUTyPjKynn236jUOyP2Gw4ugpucJIvyG5Ptv5
13,Moulin,Thibault,thibmoulin@gmail.com,26-45,"jeune, beau, drole",aucun,$2y$10$gJfmfkUbS.HlauDlBo8u/u31mMIYxZMf8pr3MGeYceA
15,abc,Dupont,abcgnagnan@gmail.com,"> 45",NULL,NULL,$2y$10$RgB/L.412f2lgrsEmUqVPuvSKUpjs4Hdb3BAxr2/RX8
16,ocha,Dupont,operaGX@gmail.com,"> 45",NULL,NULL,azertyuioMPD123458
17,asjj,Dupont,adbdfg@gmail.com,"> 45",NULL,NULL,ZY9HTI8EDaBS8h9/I9qUbCWgBdQOzr7Bmla4bhot3PM=
18,jj,Dupont,jj@gmail.com,"> 45",NULL,NULL,boHwtdtWf1CXEeFWzg9Pcw==
19,admin,Dupont,admin@gmail.com,"> 45",NULL,NULL,boHwtdtWf1CXEeFWzg9Pcw==
20,abc,Dupont,abc@gmail.com,"> 45",NULL,NULL,boHwtdtWf1CXEeFWzg9Pcw==
21,zd,Dupont,zd@mail.com,"> 45",NULL,NULL,3PcNeBgZKQfrYLHVZVnS8w==
